Workbook

Sheet Resumen
B1: IMPORTACION DE SUMINISTROS (Valor FOB US$)
A2: N° | B2: TIPO DE SUMINISTRO | D2: 45658 | E2: 45689 | F2: 45717 | G2: 45748 | H2: 45778 | I2: 45809 | J2: 45839 | K2: 45870 | L2: 45901 | M2: 45931 | N2: 45962 | O2: 45992 | P2: ACUMULADO ene 2025 | Q2: % Part ACUM ene 2025 | S2: Ene-24 | T2: Dic-24 | U2: Var % Ene 25 vs Dic 24 | W2: Var % Ene 25 vs Ene 24 | Z2: ACUMULADO ene 2024 | AA2: Var % ACUM 25/24
A4: 1 | B4: Neumáticos | D4: 52094665 | P4: =+SUM(D4:O4) -> 52094665 | Q4: =+P4/$P$23 -> 0.25580598 | S4: 41835740 | T4: 61744130 | U4: =+V4 -> -0.1562815 | V4: =IFERROR((D4-T4)/T4,0) -> -0.1562815 | W4: =+X4 -> 0.24521917 | X4: =IFERROR((D4-S4)/S4,0) -> 0.24521917 | Z4: 41835740 | AA4: =+AB4 -> 0.24521917 | AB4: =IFERROR((P4-Z4)/Z4,0) -> 0.24521917
A5: 2 | B5: Partes de Motor | D5: 34454854 | P5: =+SUM(D5:O5) -> 34454854 | Q5: =+P5/$P$23 -> 0.16918734 | S5: 32961385 | T5: 30973573 | U5: =+V5 -> 0.1123952 | V5: =IFERROR((D5-T5)/T5,0) -> 0.1123952 | W5: =+X5 -> 0.045309677 | X5: =IFERROR((D5-S5)/S5,0) -> 0.045309677 | Z5: 32961385 | AA5: =+AB5 -> 0.045309677 | AB5: =IFERROR((P5-Z5)/Z5,0) -> 0.045309677
A6: 3 | B6: Lubricantes | D6: 27943761 | P6: =+SUM(D6:O6) -> 27943761 | Q6: =+P6/$P$23 -> 0.13721523 | S6: 30008898 | T6: 41812800 | U6: =+V6 -> -0.33169362 | V6: =IFERROR((D6-T6)/T6,0) -> -0.33169362 | W6: =+X6 -> -0.068817509 | X6: =IFERROR((D6-S6)/S6,0) -> -0.068817509 | Z6: 30008898 | AA6: =+AB6 -> -0.068817509 | AB6: =IFERROR((P6-Z6)/Z6,0) -> -0.068817509
A7: 4 | B7: Filtros | D7: 19477212 | P7: =+SUM(D7:O7) -> 19477212 | Q7: =+P7/$P$23 -> 0.09564103 | S7: 16092386 | T7: 16954705 | U7: =+V7 -> 0.14877921 | V7: =IFERROR((D7-T7)/T7,0) -> 0.14877921 | W7: =+X7 -> 0.2103371 | X7: =IFERROR((D7-S7)/S7,0) -> 0.2103371 | Z7: 16092386 | AA7: =+AB7 -> 0.2103371 | AB7: =IFERROR((P7-Z7)/Z7,0) -> 0.2103371
A8: 5 | B8: Otros consumibles | D8: 13669004 | P8: =+SUM(D8:O8) -> 13669004 | Q8: =+P8/$P$23 -> 0.067120366 | S8: 9329506.6 | T8: 11597526 | U8: =+V8 -> 0.17861378 | V8: =IFERROR((D8-T8)/T8,0) -> 0.17861378 | W8: =+X8 -> 0.46513685 | X8: =IFERROR((D8-S8)/S8,0) -> 0.46513685 | Z8: 9329506.6 | AA8: =+AB8 -> 0.46513685 | AB8: =IFERROR((P8-Z8)/Z8,0) -> 0.46513685
A9: 6 | B9: Sistema de transmisión | D9: 9063246.7 | P9: =+SUM(D9:O9) -> 9063246.7 | Q9: =+P9/$P$23 -> 0.044504226 | S9: 7894586.4 | T9: 8869698.2 | U9: =+V9 -> 0.021821317 | V9: =IFERROR((D9-T9)/T9,0) -> 0.021821317 | W9: =+X9 -> 0.14803312 | X9: =IFERROR((D9-S9)/S9,0) -> 0.14803312 | Z9: 7894586.4 | AA9: =+AB9 -> 0.14803312 | AB9: =IFERROR((P9-Z9)/Z9,0) -> 0.14803312
A10: 7 | B10: Partes eléctricas | D10: 8541416.1 | P10: =+SUM(D10:O10) -> 8541416.1 | Q10: =+P10/$P$23 -> 0.041941825 | S10: 7661965.8 | T10: 9691992.5 | U10: =+V10 -> -0.11871413 | V10: =IFERROR((D10-T10)/T10,0) -> -0.11871413 | W10: =+X10 -> 0.11478128 | X10: =IFERROR((D10-S10)/S10,0) -> 0.11478128 | Z10: 7661965.8 | AA10: =+AB10 -> 0.11478128 | AB10: =IFERROR((P10-Z10)/Z10,0) -> 0.11478128
A11: 8 | B11: Partes de carrocería | D11: 6967813.7 | P11: =+SUM(D11:O11) -> 6967813.7 | Q11: =+P11/$P$23 -> 0.034214798 | S11: 6570598.5 | T11: 8055502.8 | U11: =+V11 -> -0.13502437 | V11: =IFERROR((D11-T11)/T11,0) -> -0.13502437 | W11: =+X11 -> 0.060453419 | X11: =IFERROR((D11-S11)/S11,0) -> 0.060453419 | Z11: 6570598.5 | AA11: =+AB11 -> 0.060453419 | AB11: =IFERROR((P11-Z11)/Z11,0) -> 0.060453419
A12: 9 | B12: Sistema de frenos | D12: 6040558.2 | P12: =+SUM(D12:O12) -> 6040558.2 | Q12: =+P12/$P$23 -> 0.029661596 | S12: 3905879 | T12: 5814410.5 | U12: =+V12 -> 0.038894342 | V12: =IFERROR((D12-T12)/T12,0) -> 0.038894342 | W12: =+X12 -> 0.54652978 | X12: =IFERROR((D12-S12)/S12,0) -> 0.54652978 | Z12: 3905879 | AA12: =+AB12 -> 0.54652978 | AB12: =IFERROR((P12-Z12)/Z12,0) -> 0.54652978
A13: 10 | B13: Baterías | D13: 4564700.9 | P13: =+SUM(D13:O13) -> 4564700.9 | Q13: =+P13/$P$23 -> 0.022414537 | S13: 4925436.6 | T13: 6145938.2 | U13: =+V13 -> -0.25728168 | V13: =IFERROR((D13-T13)/T13,0) -> -0.25728168 | W13: =+X13 -> -0.073239327 | X13: =IFERROR((D13-S13)/S13,0) -> -0.073239327 | Z13: 4925436.6 | AA13: =+AB13 -> -0.073239327 | AB13: =IFERROR((P13-Z13)/Z13,0) -> -0.073239327
A14: 11 | B14: Sistema de suspensión | D14: 4396901.4 | P14: =+SUM(D14:O14) -> 4396901.4 | Q14: =+P14/$P$23 -> 0.021590573 | S14: 4309228.1 | T14: 4330934.5 | U14: =+V14 -> 0.015231558 | V14: =IFERROR((D14-T14)/T14,0) -> 0.015231558 | W14: =+X14 -> 0.020345472 | X14: =IFERROR((D14-S14)/S14,0) -> 0.020345472 | Z14: 4309228.1 | AA14: =+AB14 -> 0.020345472 | AB14: =IFERROR((P14-Z14)/Z14,0) -> 0.020345472
A15: 12 | B15: Accesorios | D15: 4256361.2 | P15: =+SUM(D15:O15) -> 4256361.2 | Q15: =+P15/$P$23 -> 0.020900464 | S15: 2130346 | T15: 2719993 | U15: =+V15 -> 0.5648427 | V15: =IFERROR((D15-T15)/T15,0) -> 0.5648427 | W15: =+X15 -> 0.99796712 | X15: =IFERROR((D15-S15)/S15,0) -> 0.99796712 | Z15: 2130346 | AA15: =+AB15 -> 0.99796712 | AB15: =IFERROR((P15-Z15)/Z15,0) -> 0.99796712
... A21: 18 | B21: Sistema de escape | D21: 1003205.9 | P21: =+SUM(D21:O21) -> 1003205.9 | Q21: =+P21/$P$23 -> 0.004926149 | S21: 825729.77 | T21: 536458.99 | U21: =+V21 -> 0.87005148 | V21: =IFERROR((D21-T21)/T21,0) -> 0.87005148 | W21: =+X21 -> 0.21493249 | X21: =IFERROR((D21-S21)/S21,0) -> 0.21493249 | Z21: 825729.77 | AA21: =+AB21 -> 0.21493249 | AB21: =IFERROR((P21-Z21)/Z21,0) -> 0.21493249
B23: Total | D23: =SUM(D4:D21) -> 2.0364913e+08 | E23: =SUM(E4:E21) -> 0 | F23: =SUM(F4:F21) -> 0 | G23: =SUM(G4:G21) -> 0 | H23: =SUM(H4:H21) -> 0 | I23: =SUM(I4:I21) -> 0 | J23: =SUM(J4:J21) -> 0 | K23: =SUM(K4:K21) -> 0 | ... T23: =SUM(T4:T21) -> 2.2013527e+08 | U23: =+V23 -> -0.074890967 | V23: =IFERROR((D23-T23)/T23,0) -> -0.074890967 | W23: =+X23 -> 0.14420213 | X23: =IFERROR((D23-S23)/S23,0) -> 0.14420213 | Y23: =SUM(Y4:Y21) -> 0 | Z23: =SUM(Z4:Z21) -> 1.7798352e+08 | AA23: =+AB23 -> 0.14420213 | AB23: =IFERROR((P23-Z23)/Z23,0) -> 0.14420213
B24: Fuente: ADUANAS - SUNAT
B25: Elaboración y Diseño : Asociación Automotriz del Perú AAP.

Sheet Detalle_partidas
B1: IMPORTACION DE SUMINISTROS (Valor FOB US$)
B2: PARTIDA | C2: DESCRIPCION | E2: 45658 | F2: 45689 | G2: 45717 | H2: 45748 | I2: 45778 | J2: 45809 | K2: 45839 | L2: 45870 | M2: 45901 | N2: 45931 | O2: 45962 | P2: 45992 | Q2: =Resumen!P2 -> ACUMULADO ene 2025 | R2: =Resumen!Q2 -> % Part ACUM ene 2025 | T2: =Resumen!S2 -> Ene-24 | U2: =Resumen!T2 -> Dic-24 | V2: =Resumen!U2 -> Var % Ene 25 vs Dic 24 | X2: =Resumen!W2 -> Var % Ene 25 vs Ene 24 | AA2: =Resumen!Z2 -> ACUMULADO ene 2024 | AB2: =Resumen!AA2 -> Var % ACUM 25/24
A3: N | B3: Partida | C3: Estructura | E3: 41640 | F3: 41671 | G3: 41699 | H3: 41730 | I3: 41760 | J3: 41791 | K3: 41821 | L3: 41821 | Q3: 7 | T3: 41821 | U3: 41821
A4: 1 | B4: 2710193400 | C4: Lubricantes | E4: 1232758.5 | Q4: =SUM(E4:P4) -> 1232758.5 | R4: =+Q4/$Q$151 -> 0.0060533453 | T4: 1842894.3 | U4: 2033098.1 | V4: =+W4 -> -0.39365519 | W4: =IFERROR((E4-U4)/U4,0) -> -0.39365519 | X4: =+Y4 -> -0.33107478 | Y4: =IFERROR((E4-T4)/T4,0) -> -0.33107478 | AA4: 1842894.3 | AB4: =+AC4 -> -0.33107478 | AC4: =IFERROR((Q4-AA4)/AA4,0) -> -0.33107478
A5: 2 | B5: 2710193500 | C5: Lubricantes | E5: 8912920.5 | Q5: =SUM(E5:P5) -> 8912920.5 | R5: =+Q5/$Q$151 -> 0.043766063 | T5: 10628224 | U5: 14520813 | V5: =+W5 -> -0.38619685 | W5: =IFERROR((E5-U5)/U5,0) -> -0.38619685 | X5: =+Y5 -> -0.16139137 | Y5: =IFERROR((E5-T5)/T5,0) -> -0.16139137 | AA5: 10628224 | AB5: =+AC5 -> -0.16139137 | AC5: =IFERROR((Q5-AA5)/AA5,0) -> -0.16139137
A6: 3 | B6: 2710193600 | C6: Lubricantes | E6: 1543195.5 | Q6: =SUM(E6:P6) -> 1543195.5 | R6: =+Q6/$Q$151 -> 0.0075777173 | T6: 1899053.9 | U6: 3316887.5 | V6: =+W6 -> -0.5347459 | W6: =IFERROR((E6-U6)/U6,0) -> -0.5347459 | X6: =+Y6 -> -0.18738721 | Y6: =IFERROR((E6-T6)/T6,0) -> -0.18738721 | AA6: 1899053.9 | AB6: =+AC6 -> -0.18738721 | AC6: =IFERROR((Q6-AA6)/AA6,0) -> -0.18738721
A7: 4 | B7: 2710193800 | C7: Lubricantes | E7: 14020975 | Q7: =SUM(E7:P7) -> 14020975 | R7: =+Q7/$Q$151 -> 0.068848688 | T7: 12642187 | U7: 18069342 | V7: =+W7 -> -0.22404616 | W7: =IFERROR((E7-U7)/U7,0) -> -0.22404616 | X7: =+Y7 -> 0.10906251 | Y7: =IFERROR((E7-T7)/T7,0) -> 0.10906251 | AA7: 12642187 | AB7: =+AC7 -> 0.10906251 | AC7: =IFERROR((Q7-AA7)/AA7,0) -> 0.10906251
A8: 5 | B8: 3403990000 | C8: Lubricantes | E8: 2233911.1 | Q8: =SUM(E8:P8) -> 2233911.1 | R8: =+Q8/$Q$151 -> 0.010969412 | T8: 2996539.5 | U8: 3872659.8 | V8: =+W8 -> -0.42315843 | W8: =IFERROR((E8-U8)/U8,0) -> -0.42315843 | X8: =+Y8 -> -0.25450302 | Y8: =IFERROR((E8-T8)/T8,0) -> -0.25450302 | AA8: 2996539.5 | AB8: =+AC8 -> -0.25450302 | AC8: =IFERROR((Q8-AA8)/AA8,0) -> -0.25450302
A9: 6 | B9: 3819000000 | C9: Otros consumibles | E9: 459802.78 | Q9: =SUM(E9:P9) -> 459802.78 | R9: =+Q9/$Q$151 -> 0.0022578185 | T9: 312398.62 | U9: 633588.62 | V9: =+W9 -> -0.27428814 | W9: =IFERROR((E9-U9)/U9,0) -> -0.27428814 | X9: =+Y9 -> 0.47184638 | Y9: =IFERROR((E9-T9)/T9,0) -> 0.47184638 | AA9: 312398.62 | AB9: =+AC9 -> 0.47184638 | AC9: =IFERROR((Q9-AA9)/AA9,0) -> 0.47184638
A10: 7 | B10: 3820000000 | C10: Otros consumibles | E10: 1217112.6 | Q10: =SUM(E10:P10) -> 1217112.6 | R10: =+Q10/$Q$151 -> 0.0059765178 | T10: 817754.57 | U10: 1345157.7 | V10: =+W10 -> -0.095189623 | W10: =IFERROR((E10-U10)/U10,0) -> -0.095189623 | X10: =+Y10 -> 0.48835931 | Y10: =IFERROR((E10-T10)/T10,0) -> 0.48835931 | AA10: 817754.57 | AB10: =+AC10 -> 0.48835931 | AC10: =IFERROR((Q10-AA10)/AA10,0) -> 0.48835931
A11: 8 | B11: 3926300000 | C11: Partes de carrocería | E11: 307352.56 | Q11: =SUM(E11:P11) -> 307352.56 | R11: =+Q11/$Q$151 -> 0.001509226 | T11: 220956.11 | U11: 326239.65 | V11: =+W11 -> -0.057893294 | W11: =IFERROR((E11-U11)/U11,0) -> -0.057893294 | X11: =+Y11 -> 0.39101184 | Y11: =IFERROR((E11-T11)/T11,0) -> 0.39101184 | AA11: 220956.11 | AB11: =+AC11 -> 0.39101184 | AC11: =IFERROR((Q11-AA11)/AA11,0) -> 0.39101184
A12: 9 | B12: 4009110000 | C12: Productos de caucho | E12: 436250.37 | Q12: =SUM(E12:P12) -> 436250.37 | R12: =+Q12/$Q$151 -> 0.0021421667 | T12: 555699.75 | U12: 306521.49 | V12: =+W12 -> 0.42322931 | W12: =IFERROR((E12-U12)/U12,0) -> 0.42322931 | X12: =+Y12 -> -0.21495309 | Y12: =IFERROR((E12-T12)/T12,0) -> -0.21495309 | AA12: 555699.75 | AB12: =+AC12 -> -0.21495309 | AC12: =IFERROR((Q12-AA12)/AA12,0) -> -0.21495309
A13: 10 | B13: 4009310000 | C13: Productos de caucho | E13: 1118851 | Q13: =SUM(E13:P13) -> 1118851 | R13: =+Q13/$Q$151 -> 0.0054940135 | T13: 1027229.4 | U13: 1075191.7 | V13: =+W13 -> 0.040606103 | W13: =IFERROR((E13-U13)/U13,0) -> 0.040606103 | X13: =+Y13 -> 0.089192952 | Y13: =IFERROR((E13-T13)/T13,0) -> 0.089192952 | AA13: 1027229.4 | AB13: =+AC13 -> 0.089192952 | AC13: =IFERROR((Q13-AA13)/AA13,0) -> 0.089192952
A14: 11 | B14: 4009410000 | C14: Productos de caucho | E14: 693764.56 | Q14: =SUM(E14:P14) -> 693764.56 | R14: =+Q14/$Q$151 -> 0.003406666 | T14: 302420.59 | U14: 604604.96 | V14: =+W14 -> 0.14746752 | W14: =IFERROR((E14-U14)/U14,0) -> 0.14746752 | X14: =+Y14 -> 1.2940388 | Y14: =IFERROR((E14-T14)/T14,0) -> 1.2940388 | AA14: 302420.59 | AB14: =+AC14 -> 1.2940388 | AC14: =IFERROR((Q14-AA14)/AA14,0) -> 1.2940388
A15: 12 | B15: 4009420000 | C15: Productos de caucho | E15: 250631.45 | Q15: =SUM(E15:P15) -> 250631.45 | R15: =+Q15/$Q$151 -> 0.0012307023 | T15: 315975.05 | U15: 534410.57 | V15: =+W15 -> -0.5310133 | W15: =IFERROR((E15-U15)/U15,0) -> -0.5310133 | X15: =+Y15 -> -0.20679988 | Y15: =IFERROR((E15-T15)/T15,0) -> -0.20679988 | AA15: 315975.05 | AB15: =+AC15 -> -0.20679988 | AC15: =IFERROR((Q15-AA15)/AA15,0) -> -0.20679988
... A150: 147 | B150: 9401200000 | C150: Accesorios | E150: 133131.6 | Q150: =SUM(E150:P150) -> 133131.6 | R150: =+Q150/$Q$151 -> 0.00065373026 | T150: 151257.36 | U150: 267313.99 | V150: =+W150 -> -0.50196547 | W150: =IFERROR((E150-U150)/U150,0) -> -0.50196547 | X150: =+Y150 -> -0.11983392 | Y150: =IFERROR((E150-T150)/T150,0) -> -0.11983392 | AA150: 151257.36 | AB150: =+AC150 -> -0.11983392 | AC150: =IFERROR((Q150-AA150)/AA150,0) -> -0.11983392
C151: TOTAL | E151: =SUM(E4:E150) -> 2.0364913e+08 | F151: =SUM(F4:F150) -> 0 | G151: =SUM(G4:G150) -> 0 | H151: =SUM(H4:H150) -> 0 | I151: =SUM(I4:I150) -> 0 | J151: =SUM(J4:J150) -> 0 | K151: =SUM(K4:K150) -> 0 | L151: =SUM(L4:L150) -> 0 | ... R151: =SUM(R4:R150) -> 1 | T151: =SUM(T4:T150) -> 1.7798352e+08 | U151: =SUM(U4:U150) -> 2.2013527e+08 | V151: =+W151 -> -0.074890967 | W151: =IFERROR((E151-U151)/U151,0) -> -0.074890967 | X151: =+Y151 -> 0.14420213 | Y151: =IFERROR((E151-T151)/T151,0) -> 0.14420213 | AA151: =SUM(AA4:AA150) -> 1.7798352e+08 | AB151: =+AC151 -> 0.14420213 | AC151: =IFERROR((Q151-AA151)/AA151,0) -> 0.14420213
B152: Fuente: ADUANAS - SUNAT
B153: Elaboración y Diseño : Asociación Automotriz del Perú AAP.

Sheet Nuevo_Usado
B1: IMPORTACION DE SUMINISTROS ACUMULADO ENERO (Valor FOB US$)
C2: NUEVO | G2: USADO
B3: TIPO DE SUMINISTRO | C3: 2024 | D3: 2025 | E3: Var % | G3: 2024 | H3: 2025 | I3: Var %
B4: Neumáticos | C4: 41835580 | D4: 52094605 | E4: =(D4/C4)-1 -> 0.2452225 | G4: 160 | H4: 60 | I4: =IFERROR((H4/G4)-1,"-") -> -0.625
B5: Partes de Motor | C5: 30277884 | D5: 32783061 | E5: =(D5/C5)-1 -> 0.082739502 | G5: 2683500.2 | H5: 1671792.9 | I5: =IFERROR((H5/G5)-1,"-") -> -0.37701035
B6: Lubricantes | C6: 30008898 | D6: 27943761 | E6: =(D6/C6)-1 -> -0.068817509 | G6: 0 | H6: 0 | I6: =IFERROR((H6/G6)-1,"-") -> -
B7: Filtros | C7: 15681339 | D7: 19306624 | E7: =(D7/C7)-1 -> 0.23118465 | G7: 411047.34 | H7: 170588.24 | I7: =IFERROR((H7/G7)-1,"-") -> -0.58499125
B8: Otros consumibles | C8: 9329506.6 | D8: 13669004 | E8: =(D8/C8)-1 -> 0.46513685 | G8: 0 | H8: 0 | I8: =IFERROR((H8/G8)-1,"-") -> -
B9: Sistema de transmisión | C9: 7858502.3 | D9: 8974996 | E9: =(D9/C9)-1 -> 0.14207462 | G9: 36084.123 | H9: 88250.7 | I9: =IFERROR((H9/G9)-1,"-") -> 1.4456934
B10: Partes eléctricas | C10: 7587025.8 | D10: 8463665.5 | E10: =(D10/C10)-1 -> 0.11554457 | G10: 74940.024 | H10: 77750.601 | I10: =IFERROR((H10/G10)-1,"-") -> 0.037504351
B11: Partes de carrocería | C11: 6564462 | D11: 6935801.9 | E11: =(D11/C11)-1 -> 0.056568217 | G11: 6136.5 | H11: 32011.736 | I11: =IFERROR((H11/G11)-1,"-") -> 4.2166114
B12: Sistema de frenos | C12: 3904737 | D12: 6037994.7 | E12: =(D12/C12)-1 -> 0.54632557 | G12: 1142 | H12: 2563.5 | I12: =IFERROR((H12/G12)-1,"-") -> 1.2447461
B13: Baterías | C13: 4925436.6 | D13: 4564700.9 | E13: =(D13/C13)-1 -> -0.073239327 | G13: 0 | H13: 0 | I13: =IFERROR((H13/G13)-1,"-") -> -
B14: Sistema de suspensión | C14: 4308755.1 | D14: 4388990.9 | E14: =(D14/C14)-1 -> 0.018621569 | G14: 473 | H14: 7910.5 | I14: =IFERROR((H14/G14)-1,"-") -> 15.724101
B15: Accesorios | C15: 2129792.1 | D15: 4247545.2 | E15: =(D15/C15)-1 -> 0.99434733 | G15: 553.86 | H15: 8815.986 | I15: =IFERROR((H15/G15)-1,"-") -> 14.917355
... B21: Sistema de escape | C21: 825716.77 | D21: 1003070.9 | E21: =(D21/C21)-1 -> 0.21478813 | G21: 13 | H21: 135 | I21: =IFERROR((H21/G21)-1,"-") -> 9.3846154
B22: Total general | C22: =SUM(C4:C21) -> 1.7474041e+08 | D22: =SUM(D4:D21) -> 2.0133771e+08 | E22: =(D22/C22)-1 -> 0.15221033 | G22: =SUM(G4:G21) -> 3243109.6 | H22: =SUM(H4:H21) -> 2311417.2 | I22: =(H22/G22)-1 -> -0.28728367

Sheet Origen
B1: IMPORTACION DE SUMINISTROS ENERO (Valor FOB US$)
B2: PAIS DE ORIGEN | C2: 2024 | D2: 2025 | E2: % PART | F2: VAR %
A3: 1 | B3: CHINA | C3: 43760048 | D3: 61462005 | E3: =D3/$D$54 -> 0.30180343 | F3: =(D3/C3)-1 -> 0.40452326
A4: 2 | B4: UNITED STATES | C4: 49927608 | D4: 45374208 | E4: =D4/$D$54 -> 0.22280581 | F4: =(D4/C4)-1 -> -0.091200037
A5: 3 | B5: JAPAN | C5: 14694147 | D5: 15909871 | E5: =D5/$D$54 -> 0.078123933 | F5: =(D5/C5)-1 -> 0.082735232
A6: 4 | B6: BRAZIL | C6: 9121480.7 | D6: 8111962.7 | E6: =D6/$D$54 -> 0.039833035 | F6: =(D6/C6)-1 -> -0.11067479
A7: 5 | B7: GERMANY | C7: 7701458.2 | D7: 7930521.4 | E7: =D7/$D$54 -> 0.038942084 | F7: =(D7/C7)-1 -> 0.02974283
A8: 6 | B8: MEXICO | C8: 5470230.4 | D8: 7457161.6 | E8: =D8/$D$54 -> 0.036617695 | F8: =(D8/C8)-1 -> 0.36322624
A9: 7 | B9: INDIA | C9: 4370033.3 | D9: 7279135.2 | E9: =D9/$D$54 -> 0.035743513 | F9: =(D9/C9)-1 -> 0.66569331
A10: 8 | B10: KOREA, REPUBLIC OF | C10: 6298498.2 | D10: 6131059.8 | E10: =D10/$D$54 -> 0.030105996 | F10: =(D10/C10)-1 -> -0.026583852
A11: 9 | B11: THAILAND | C11: 2161216 | D11: 5498486.6 | E11: =D11/$D$54 -> 0.026999805 | F11: =(D11/C11)-1 -> 1.5441634
A12: 10 | B12: ITALY | C12: 3225285.1 | D12: 4690817.7 | E12: =D12/$D$54 -> 0.023033822 | F12: =(D12/C12)-1 -> 0.45438855
A13: 11 | B13: TAIWAN | C13: 3385652.3 | D13: 3749410.5 | E13: =D13/$D$54 -> 0.01841113 | F13: =(D13/C13)-1 -> 0.10744112
A14: 12 | B14: FRANCE | C14: 4040078.8 | D14: 3507095.4 | E14: =D14/$D$54 -> 0.017221264 | F14: =(D14/C14)-1 -> -0.13192402
... A52: 50 | B52: BULGARIA | C52: 40883.844 | D52: 60684.121 | E52: =D52/$D$54 -> 0.0002979837 | F52: =(D52/C52)-1 -> 0.48430566
B53: OTROS | C53: 545405.77 | D53: 403296.74 | E53: =D53/$D$54 -> 0.001980351 | F53: =(D53/C53)-1 -> -0.26055652
B54: Total general | C54: =SUM(C3:C53) -> 1.7798352e+08 | D54: =SUM(D3:D53) -> 2.0364913e+08 | E54: =SUM(E3:E53) -> 1 | F54: =(D54/C54)-1 -> 0.14420213

Sheet Importador
B1: IMPORTACION DE SUMINISTROS POR IMPORTADOR - ENERO (Valor FOB US$)
B2: IMPORTADOR | C2: 2024 | D2: 2025 | E2: % PART | F2: VAR %
A3: 1 | B3: FERREYROS SOCIEDAD ANONIMA | C3: 15625351 | D3: 13940491 | E3: =D3/$D$19 -> 0.068453477 | F3: =IFERROR((D3/C3)-1,"-") -> -0.10782865
A4: 2 | B4: BRIDGESTONE MINING SOLUTIONS PERU S.A.C. | C4: 8613752.9 | D4: 10684392 | E4: =D4/$D$19 -> 0.052464708 | F4: =IFERROR((D4/C4)-1,"-") -> 0.24038756
A5: 3 | B5: J.CH.COMERCIAL S.A. | C5: 2484880.6 | D5: 9612866.5 | E5: =D5/$D$19 -> 0.047203083 | F5: =IFERROR((D5/C5)-1,"-") -> 2.8685427
A6: 4 | B6: TERPEL COMERCIAL DEL PERU S.R.L. | C6: 11601077 | D6: 8645963.7 | E6: =D6/$D$19 -> 0.042455197 | F6: =IFERROR((D6/C6)-1,"-") -> -0.25472752
A7: 5 | B7: DISTRIBUIDORA CUMMINS PERU S.A.C | C7: 5845408.2 | D7: 6653547.5 | E7: =D7/$D$19 -> 0.032671623 | F7: =IFERROR((D7/C7)-1,"-") -> 0.13825198
A8: 6 | B8: TIRE SOL S.A.C. | C8: 4371231 | D8: 5317665.4 | E8: =D8/$D$19 -> 0.026111899 | F8: =IFERROR((D8/C8)-1,"-") -> 0.2165144
A9: 7 | B9: KOMATSU-MITSUI MAQUINARIAS PERU S.A. | C9: 3217608.9 | D9: 5241887.7 | E9: =D9/$D$19 -> 0.025739799 | F9: =IFERROR((D9/C9)-1,"-") -> 0.62912519
A10: 8 | B10: MICHELIN DEL PERU S.A. | C10: 8660832.2 | D10: 3705569.9 | E10: =D10/$D$19 -> 0.018195855 | F10: =IFERROR((D10/C10)-1,"-") -> -0.57214621
A11: 9 | B11: CORPORACION PRIMAX S.A. | C11: 5493099.6 | D11: 3503645.9 | E11: =D11/$D$19 -> 0.017204326 | F11: =IFERROR((D11/C11)-1,"-") -> -0.36217324
A12: 10 | B12: TOYOTA DEL PERU S A | C12: 2004276.9 | D12: 2813879.4 | E12: =D12/$D$19 -> 0.013817292 | F12: =IFERROR((D12/C12)-1,"-") -> 0.40393742
A13: 11 | B13: PROMOTORA GENESIS S.A.C. | C13: 2258492.7 | D13: 2645087.9 | E13: =D13/$D$19 -> 0.012988457 | F13: =IFERROR((D13/C13)-1,"-") -> 0.17117398
A14: 12 | B14: SOLTRAK S.A. | C14: 814130.98 | D14: 2551951.7 | E14: =D14/$D$19 -> 0.01253112 | F14: =IFERROR((D14/C14)-1,"-") -> 2.1345714
... A17: 15 | B17: M & M REPUESTOS Y SERVICIOS S.A. | C17: 2261297.9 | D17: 1883657.5 | E17: =D17/$D$19 -> 0.009249524 | F17: =IFERROR((D17/C17)-1,"-") -> -0.16700164
B18: OTROS | C18: 1.0128008e+08 | D18: 1.2238716e+08 | E18: =D18/$D$19 -> 0.60097072 | F18: =IFERROR((D18/C18)-1,"-") -> 0.2084031
B19: TOTAL | C19: =SUM(C3:C18) -> 1.7798352e+08 | D19: =SUM(D3:D18) -> 2.0364913e+08 | E19: =SUM(E3:E18) -> 1 | F19: =(D19/C19)-1 -> 0.14420213

Sheet Neumaticos
B1: IMPORTACION DE SUMINISTROS POR DESCRIPCION DE PARTIDA - ENERO (Valor FOB US$)
B2: PARTIDA | C2: DESCRIPCION PARTIDA | D2: 2024 | E2: 2025 | F2: % PART | G2: VAR %
A3: 1 | B3: 4011800000 | C3: Neumáticos para minería y construcción | D3: 18516004 | E3: 18038926 | F3: =E3/$E$18 -> 0.34627204 | G3: =IFERROR((E3/D3)-1,"-") -> -0.025765713
A4: 2 | B4: 4011201000 | C4: Neumaticos - radiales | D4: 12280862 | E4: 19735115 | F4: =E4/$E$18 -> 0.37883178 | G4: =IFERROR((E4/D4)-1,"-") -> 0.60698122
A5: 3 | B5: 4011101000 | C5: Neumaticos - radiales | D5: 5162868.4 | E5: 8439695.5 | F5: =E5/$E$18 -> 0.16200691 | G5: =IFERROR((E5/D5)-1,"-") -> 0.63469119
A6: 4 | B6: 4011400000 | C6: Neumáticos utilizados en motocicletas | D6: 3144980.8 | E6: 3104400.4 | F6: =E6/$E$18 -> 0.059591522 | G6: =IFERROR((E6/D6)-1,"-") -> -0.01290324
A7: 5 | B7: 4011209000 | C7: Los demas - Neumáticos de caucho | D7: 1047514.8 | E7: 655416.46 | F7: =E7/$E$18 -> 0.012581259 | G7: =IFERROR((E7/D7)-1,"-") -> -0.37431296
A8: 6 | B8: 4013900000 | C8: Cámaras de caucho para neumáticos - Las Demás | D8: 469627.11 | E8: 1155049.5 | F8: =E8/$E$18 -> 0.022172127 | G8: =IFERROR((E8/D8)-1,"-") -> 1.4595035
A9: 7 | B9: 4011700000 | C9: Neumáticos para máquinas agrícolas o forestales | D9: 418840.42 | E9: 417513.84 | F9: =E9/$E$18 -> 0.0080145221 | G9: =IFERROR((E9/D9)-1,"-") -> -0.0031672612
A10: 8 | B10: 4016994000 | C10: Parches para reparar cámaras de aire y neumáticos (llantas neumáticas) | D10: 377726.05 | E10: 229263.41 | F10: =E10/$E$18 -> 0.0044009 | G10: =IFERROR((E10/D10)-1,"-") -> -0.39304316
A11: 9 | B11: 4013100000 | C11: Cámaras de caucho para neumáticos,de los tipos utilizados en automóviles de turismo (incluidos los del tipo familiar («break» o «station wagon») y los de carreras), en autobuses o camiones | D11: 140919.52 | E11: 48954.585 | F11: =E11/$E$18 -> 0.00093972358 | G11: =IFERROR((E11/D11)-1,"-") -> -0.65260607
A12: 10 | B12: 4011109000 | C12: Los demas - Neumáticos de caucho | D12: 138847.58 | E12: 70001.99 | F12: =E12/$E$18 -> 0.0013437459 | G12: =IFERROR((E12/D12)-1,"-") -> -0.49583573
A13: 11 | B13: 4011900000 | C13: Los demas - Neumáticos de caucho | D13: 68003.032 | E13: 123312.86 | F13: =E13/$E$18 -> 0.002367092 | G13: =IFERROR((E13/D13)-1,"-") -> 0.81334362
A14: 12 | B14: 4012902000 | C14: Neumáticos (llantas neumáticas) recauchutados o usados,bandajes (llantas macizos) | D14: 59399.729 | E14: 69682.436 | F14: =E14/$E$18 -> 0.0013376118 | G14: =IFERROR((E14/D14)-1,"-") -> 0.17311034
... A17: 15 | B17: 4012120000 | C17: Neumáticos (llantas neumáticas) recauchutados o usados, de caucho; de los tipos utilizados en autobuses o camiones | D17: 0 | E17: 6600 | F17: =E17/$E$18 -> 0.00012669244 | G17: =IFERROR((E17/D17)-1,"-") -> -
B18: TOTAL | D18: =SUM(D3:D17) -> 41835740 | E18: =SUM(E3:E17) -> 52094665 | F18: =SUM(F3:F17) -> 1 | G18: =IFERROR((E18/D18)-1,"-") -> 0.24521917

Sheet Lubricantes
B1: IMPORTACION DE SUMINISTROS POR DESCRIPCION DE PARTIDA - ACUMULADO ENERO (Valor FOB US$)
B2: PARTIDA | C2: DESCRIPCION PARTIDA | D2: 2024 | E2: 2025 | F2: % PART | G2: VAR %
A3: 1 | B3: 2710193800 | C3: Otros aceites lubricantes | D3: 12642187 | E3: 14020975 | F3: =E3/$E$8 -> 0.50175691 | G3: =(E3/D3)-1 -> 0.10906251
A4: 2 | B4: 2710193500 | C4: Aceites base para lubricantes | D4: 10628224 | E4: 8912920.5 | F4: =E4/$E$8 -> 0.31895923 | G4: =(E4/D4)-1 -> -0.16139137
A5: 3 | B5: 3403990000 | C5: Las demás,preparaciones lubricantes | D5: 2996539.5 | E5: 2233911.1 | F5: =E5/$E$8 -> 0.07994311 | G5: =(E5/D5)-1 -> -0.25450302
A6: 4 | B6: 2710193600 | C6: Aceites para transmisiones hidráulicas | D6: 1899053.9 | E6: 1543195.5 | F6: =E6/$E$8 -> 0.055225047 | G6: =(E6/D6)-1 -> -0.18738721
A7: 5 | B7: 2710193400 | C7: Grasas lubricantes | D7: 1842894.3 | E7: 1232758.5 | F7: =E7/$E$8 -> 0.044115697 | G7: =(E7/D7)-1 -> -0.33107478
B8: TOTAL | D8: =SUM(D3:D7) -> 30008898 | E8: =SUM(E3:E7) -> 27943761 | F8: =SUM(F3:F7) -> 1 | G8: =(E8/D8)-1 -> -0.068817509

Sheet Filtros
B1: IMPORTACION DE SUMINISTROS POR DESCRIPCION DE PARTIDA - ENERO (Valor FOB US$)
B2: PARTIDA | C2: DESCRIPCION PARTIDA | D2: 2024 | E2: 2025 | F2: % PART | G2: VAR %
A3: 1 | B3: 8421230000 | C3: Para filtrar lubricantes o carburantes en los motores de encendido por chispa o compresión | D3: 6541877.5 | E3: 6936813.3 | F3: =E3/$E$8 -> 0.35615022 | G3: =(E3/D3)-1 -> 0.060370406
A4: 2 | B4: 8421310000 | C4: Filtros de entrada de aire para motores de encendido por chispa o compresión | D4: 2777807.6 | E4: 3558028.9 | F4: =E4/$E$8 -> 0.1826765 | G4: =(E4/D4)-1 -> 0.28087663
A5: 3 | B5: 8421399000 | C5: Los demás, aparatos para filtrar o depurar gases | D5: 2729650.9 | E5: 3694961 | F5: =E5/$E$8 -> 0.18970687 | G5: =(E5/D5)-1 -> 0.35363863
A6: 4 | B6: 8421991000 | C6: Elementos filtrantes, del tipo de los utilizados en filtros para motores | D6: 2677235.7 | E6: 3412795.3 | F6: =E6/$E$8 -> 0.17521991 | G6: =(E6/D6)-1 -> 0.27474593
A7: 5 | B7: 8421299000 | C7: Los demás, aparatos para filtrar o depurar líquidos | D7: 1365814.6 | E7: 1874613.7 | F7: =E7/$E$8 -> 0.09624651 | G7: =(E7/D7)-1 -> 0.3725243
B8: TOTAL | D8: =SUM(D3:D7) -> 16092386 | E8: =SUM(E3:E7) -> 19477212 | F8: =SUM(F3:F7) -> 1 | G8: =(E8/D8)-1 -> 0.2103371

Sheet Baterias
B1: IMPORTACION DE SUMINISTROS POR DESCRIPCION DE PARTIDA - ACUMULADO ENERO (Valor FOB US$)
B2: PARTIDA | C2: DESCRIPCION PARTIDA | D2: 2024 | E2: 2025 | F2: % PART | G2: VAR %
A3: 1 | B3: 8507100000 | C3: Acumuladores eléctricos de plomo, de los tipos utilizados para arranque de motores de émbolo (pistón) | D3: 4925436.6 | E3: 4564700.9 | F3: =E3/$E$4 -> 1 | G3: =(E3/D3)-1 -> -0.073239327
B4: TOTAL | D4: =SUM(D3:D3) -> 4925436.6 | E4: =SUM(E3:E3) -> 4564700.9 | F4: =SUM(F3:F3) -> 1 | G4: =(E4/D4)-1 -> -0.073239327
